product_id;wb_article;wb_product_name;brand_id;wb_category_id;price_wb;skidka_no_feedback;price_no_feedback;skidka_with_feedback;price_with_feedback
0;84860704;Шампунь восстанавливающий для ослабленных и окрашенных волос на основе экстрактов водорослей 250 г;1;42;582;0.2;466;0.5;291
1;84857158;Шампунь увлажняющий для нормальных и сухих волос на основе экстрактов водорослей 250 г;1;42;582;0.2;466;0.5;291
2;84859169;Шампунь нормализующий для жирных волос на основе экстрактов водорослей 250 г;1;42;582;0.2;466;0.5;291
3;84856225;Бальзам восстанавливающий для ослабленных и окрашенных волос на основе экстрактов водорослей 250 г;1;1;609;0.2;487;0.5;305
4;84855607;Бальзам для волос Нормализующий для жирных волос на основе экстрактов водорослей 250 г;1;1;609;0.2;487;0.5;305
5;84854562;Бальзам для волос Увлажняющий для нормальных и сухих волос на основе экстрактов водорослей 250 г;1;1;609;0.2;487;0.5;305
6;84461689;Маска для волос на основе экстрактов водорослей СКРАБ-МАСКА стимуляция роста и очищение 200 г;1;16;582;0.2;466;0.5;291
7;84853882;"Маска для волос на основе экстрактов водорослей
ТЕРМО-МАСКА эффект биоламинирования 150 мл";1;16;582;0.2;466;0.5;291
8;84450898;Маска для волос на основе экстрактов водорослей ЭКСПРЕСС-МАСКА питание и увлажнение 150 мл;1;16;582;0.2;466;0.5;291
9;84450128;Масло для секущихся волос на основе экстрактов водорослей Восстановление 30 мл;1;17;663;0.2;531;0.5;332
10;84449058;Спрей для волос на основе экстрактов водорослей 150 мл Термозащита и блеск;1;32;406;0.2;325;0.5;203
11;84448450;Сыворотка для волос на основе экстрактов водорослей Активатор роста 30 мл;1;37;487;0.2;390;0.5;244
12;84443710;Спрей для волос на основе экстрактов водорослей 150 мл Легкое Расчесывание;1;32;406;0.2;325;0.5;203
13;84441398;Мицеллярная вода 150 мл С гиалуроновой кислотой Cremissimo;1;18;500;0.2;400;0.5;250
14;84440126;Мусс для умывания очищающий Cremissimo 150 мл ANTI-AGE;1;20;520;0.2;416;0.5;260
15;84439214;Мусс для умывания очищающий Cremissimo 150 мл Для сухой и нормальной кожи;1;20;520;0.2;416;0.5;260
16;84436187;Мусс для умывания очищающий Cremissimo 150 мл Для жирной и комбинированной кожи;1;20;520;0.2;416;0.5;260
17;84430971;Мусс для умывания очищающий Cremissimo 150 мл Для чувствительной кожи;1;20;520;0.2;416;0.5;260
18;84416588;Мусс-маска-Жидкие патчи для лица и вокруг глаз с гиалуроновой кислотой Cremissimo Антивозрастная;1;20;447;0.2;357;0.5;223
19;84413905;Мусс-маска-Жидкие патчи для лица и вокруг глаз с гиалуроновой кислотой Cremissimo Сияние;1;20;447;0.2;357;0.5;223
20;84412777;Мусс-маска-Жидкие патчи для лица и вокруг глаз с гиалуроновой кислотой Cremissimo Моделирующая;1;20;447;0.2;357;0.5;223
21;84410206;Мусс-маска-Жидкие патчи для лица и вокруг глаз с гиалуроновой кислотой Cremissimo Успокаивающая;1;20;447;0.2;357;0.5;223
22;84406872;"Молочко для тела увлажнение с ароматом клубники
гиалуроновая кислота + масло зародышей пшеницы";1;19;347;0.2;277;0.5;173
23;84407680;Молочко для тела питание с ароматом фруктов экстракт граната, гель алоэ вера + масло какао, Ши;1;19;347;0.2;277;0.5;173
24;84406024;Молочко для тела лифтинг с ароматом ананаса экстракт зеленого кофе гуараны масло персиковых косточек;1;19;347;0.2;277;0.5;173
25;84405138;Бальзам для ногтей 7 мл Восстановление и стимуляция роста АНА кислоты + экстракт ламинарии;1;17;322;0.2;258;0.5;161
26;84402189;Бальзам для ногтей 7 мл Укрепление и питание комплекс витаминов A, E, F + ЭМ апельсина;1;17;322;0.2;258;0.5;161
27;84399217;Маска для лица Perfect Skin 150 г с Белой глиной и маслом Арганы экспресс-увлажнение;1;16;626;0.2;501;0.5;313
28;84398241;Маска для лица Perfect Skin 150 г с Розовой глиной и маслом Арганы интенсивное омоложение;1;16;626;0.2;501;0.5;313
29;84397278;Маска для лица Perfect Skin 150 г с Чёрной глиной и маслом Арганы глубокое очищение;1;16;626;0.2;501;0.5;313
30;84396467;Маска для лица Perfect Skin 150 г с Зеленой глиной и маслом Арганы лифтинг-эффект;1;16;626;0.2;501;0.5;313
31;84393969;Маска для лица Perfect Skin 150 г с Голубой глиной и маслом Арганы матирующий-эффект;1;16;626;0.2;501;0.5;313
32;84393484;Скраб SPA масляно-солевой 250 г Морской коктейль увлажняющий;1;31;474;0.2;379;0.5;237
33;84377077;Скраб SPA масляно-солевой 250 г Ягодный омолаживающий;1;31;474;0.2;379;0.5;237
34;84378310;Скраб SPA масляно-солевой 250 г Фруктовый витаминный;1;31;474;0.2;379;0.5;237
35;84379249;Скраб SPA масляно-солевой 250 г Виноградный антиоксидантный;1;31;474;0.2;379;0.5;237
36;84382464;Скраб SPA масляно-солевой 250 г С грязью Сакского озера минеральный, профилактический;1;31;474;0.2;379;0.5;237
37;84390353;Скраб SPA масляно-солевой 250 г Мята-Лайм охлаждающий;1;31;474;0.2;379;0.5;237
38;84392406;Масло для волос 100 г Стимуляция роста с экстрактом корня лопуха и красного перца;1;17;446;0.2;357;0.5;223
39;84375745;Масло для волос 100 г Питание и укрепление с экстрактом крапивы + витамины А и Е;1;17;446;0.2;357;0.5;223
40;84363477;Масло для волос 100 г Восстановление и блеск с маслом Ши + экстракт розмарина;1;17;446;0.2;357;0.5;223
41;84358358;Увлажняющая маска для волос с маслом арганы;2;16;1037;0.2;830;0.4;622
42;84357785;Увлажняющий крем для лица с коллагеном;2;14;823;0.2;658;0.5;411
43;84357078;Увлажняющий крем вокруг глаз с коллагеном;2;14;737;0.2;590;0.5;368
44;84355539;Увлажняющий крем для рук и тела с экстрактом ягод;2;14;290;0.2;232;0.7;87
45;84355126;Увлажняющий восстанавливающий крем для рук и тела с муцином улитки;2;14;270;0.2;216;0.7;81
46;84352422;Крем для кожи вокруг глаз с экстрактом зелёного чая;2;14;649;0.2;519;0.5;325
47;84351567;Тонер для лица с экстрактом зелёного чая;2;39;749;0.2;599;0.5;375
48;84349231;Гидрофильное очищающее освежающее масло для лица;2;7;988;0.2;790;0.5;494
49;84348037;Омолаживающий тонер для лица;2;39;579;0.2;463;0.5;290
50;84346808;Крем для лица с экстрактом зелёного чая;2;14;799;0.2;639;0.5;400
51;88071874;СЫВОРОТКА-ИНТЕНСИВ Cremissimo Сияние и Молодость для лица, шеи и зоны декольте 30 мл;1;37;1050;0.2;840;0.4;630
52;88976614;СЫВОРОТКА-ФИЛЛЕР Cremissimo увлажнение и восстановление для лица, шеи и зоны декольте 30 мл;1;37;1050;0.2;840;0.4;630
53;88979840;Гель-флюид для тела Арбузная свежесть 200 мл;1;41;368;0.2;295;0.5;184
54;88983098;Гель-флюид для тела 200 мл фуктовый нектар;1;41;368;0.2;295;0.5;184
55;88985026;Гель-флюид для тела 200 мл Чайная прохлада;1;41;368;0.2;295;0.5;184
56;88992321;SPA Шампунь Травяной Объём и Баланс 250 мл;1;42;368;0.2;295;0.5;184
57;88993783;SPA Шампунь Лаванда Энергия и Рост 250 мл;1;42;368;0.2;295;0.5;184
58;89040088;SPA Шампунь Роза Сила и Блеск 250 мл;1;42;368;0.2;295;0.5;184
59;89049888;SPA Бальзам - кондиционер Травяной Объём и Баланс 250 мл;1;1;368;0.2;295;0.5;184
60;89050582;SPA Бальзам - кондиционер Лаванда Энергия и Рост 250 мл;1;1;368;0.2;295;0.5;184
61;89051570;SPA Бальзам - кондиционер Роза Сила и Блеск 250 мл;1;1;368;0.2;295;0.5;184
62;89061470;"Пенка Очищающая с комплексом растительных стволовых клеток ""SCC""";1;27;1144;0.2;915;0.4;686
63;89063669;"Крем Активный увлажняющий с комплексом растительных стволовых клеток ""SCC"" 30 мл";1;14;1388;0.2;1111;0.4;833
64;89107515;"Тоник Глубокое увлажнение с комплексом растительных стволовых клеток ""SCC""";1;39;1280;0.2;1024;0.4;768
65;89108954;"Гоммаж Глубокое очищение с комплексом растительных стволовых клеток ""SCC""";1;28;966;0.2;773;0.5;483
66;89110111;"Маска Интенсивная с комплексом растительных стволовых клеток ""SCC""";1;16;1518;0.2;1215;0.4;911
67;89110661;"Крем для области вокруг глаз интенсивный с комплексом растительных стволовых клеток ""SCC"" 15 мл";1;14;951;0.2;761;0.5;475
68;89111152;"Сыворотка-концентрат с комплексом растительных стволовых клеток ""SCC"" 30 мл";1;37;1505;0.2;1204;0.4;903
69;89119024;"Крем Интенсивный концентрированный с комплексом растительных стволовых клеток ""SCC"" 30 мл";1;14;1650;0.2;1320;0.4;990
70;89134390;Мицеллярная вода с экстрактом муцина улитки 150 мл;1;18;481;0.2;385;0.5;240
71;89135701;Гель для умывания с экстрактом муцина улитки 150 мл;1;4;585;0.2;468;0.5;292
72;89136776;Тоник Кислородный с экстрактом муцина улитки 150 мл;1;39;700;0.2;560;0.5;350
73;89141772;Гель для умывания с гиалуроновой кислотой 100 мл;1;4;390;0.2;312;0.5;195
74;89144185;Гель для умывания Увлажняюший фактор 100 мл;1;4;344;0.2;275;0.5;172
75;89144748;Гель для умывания с алоэ вера 100 мл;1;4;355;0.2;284;0.5;178
76;89152724;Тоник для лица Cremissimo Anti-age 150 мл;1;39;365;0.2;292;0.5;183
77;89153430;Тоник для лица Cremissimo Увлажняющий 150 мл;1;39;365;0.2;292;0.5;183
78;89154269;Тоник для лица Cremissimo Сияние 150 мл;1;39;338;0.2;271;0.5;169
79;89155316;Тоник для лица Cremissimo Детокс 150 мл;1;39;338;0.2;271;0.5;169
80;89163802;Крем для НОГ Cremissimo Смягчающий 60 мл;1;14;325;0.2;260;0.5;162
81;89166682;Крем для НОГ Cremissimo с экстрактом маклюры 60 мл;1;14;325;0.2;260;0.5;162
82;98809712;Сумка мужская из натуральной кожи;3;36;1263;0.2;1010;0.4;758
83;98811063;Сумка мужская из натуральной кожи;3;36;2582;0.2;2066;0.35;1678
84;98813054;Сумка мужская нагрудная натуральная кожа;3;36;1483;0.2;1186;0.4;890
85;110000674;Крем для НОГ Cremissimo интенсивный уход от трещин 60 мл;1;14;325;0.2;260;0.5;162
86;110003482;Масло массажное увлажняющее 100 г;1;17;386;0.2;308;0.5;193
87;110004031;Масло массажное подтягивающее 100 г;1;17;386;0.2;308;0.5;193
88;110005793;Масло массажное антицеллюлитное 100 г;1;17;386;0.2;308;0.5;193
89;110007292;Масло массажное релаксационное 100 г;1;17;386;0.2;308;0.5;193
90;110008404;Масло массажное гипоаллергенное 100 г;1;17;386;0.2;308;0.5;193
91;110018299;Масло - плитка для тела бальзам для ног мягкие пятки 35 г;1;1;251;0.2;201;0.7;75
92;110018815;Масло - плитка для тела бальзам для ног от тяжести в ногах 35 г;1;1;251;0.2;201;0.7;75
93;110019419;Масло - плитка для тела бальзам для ног смягчающий 35 г;1;1;251;0.2;201;0.7;75
94;110020353;Масло - плитка для тела Бальзам для ног с Маклюрой 35 г;1;1;251;0.2;201;0.7;75
95;110020844;Масло - плитка для тела 35 г Бальзам для ног от Трещин;1;1;251;0.2;201;0.7;75
96;110278014;Крем для лица против морщин с муцином улитки;2;14;619;0.2;495;0.5;309
97;110281739;Увлажняющий восстанавливающий ночной крем для лица с экстрактом портулака;2;14;649;0.2;519;0.5;325
98;110282516;Успокаивающий крем для лица;2;14;739;0.2;591;0.5;370
99;110283056;Увлажняющий крем для лица;2;14;823;0.2;658;0.5;411
100;111680635;SPA Гель для душа с розовой морской солью Розовый шёлк 280 г;1;4;463;0.2;371;0.5;232
101;111681373;SPA Гель для душа с розовой морской солью Лавандовый рай 280 г;1;4;463;0.2;371;0.5;232
102;111681974;SPA Гель для душа с розовой морской солью Морской коктейль 250 мл;1;4;463;0.2;371;0.5;232
103;111683049;SPA Гель для душа с розовой морской солью Энергия фруктов 280 г;1;4;463;0.2;371;0.5;232
104;111683173;SPA Гель для душа с розовой морской солью Винный букет 280 г;1;4;463;0.2;371;0.5;232
105;111683248;SPA Гель для душа с розовой морской солью Ягодный фреш 280 г;1;4;463;0.2;371;0.5;232
106;111683455;Крем для области вокруг глаз Увлажняющий с гиалуроновой кислотой;1;14;682;0.2;546;0.5;341
107;111683648;"Cremissimo Крем для области вокруг глаз Питательный
с экстрактом чёрной икры";1;14;682;0.2;546;0.5;341
108;111802608;"Крем натуральный для лица
дневной увлажняющий Anti-age";1;14;985;0.2;788;0.5;493
109;111809945;"Cremissimo Крем натуральный для лица
дневной увлажняющий для Нормальной и Комбинированной кожи";1;14;985;0.2;788;0.5;493
110;111821908;"Cremissimo Крем натуральный для лица
дневной увлажняющий для Сухой кожи";1;14;985;0.2;788;0.5;493
111;111823221;"Cremissimo Крем натуральный для лица
дневной увлажняющий для Чувствительной кожи";1;14;985;0.2;788;0.5;493
112;111823844;"Обогащенная Розовая вода с Витаминами красоты
";1;6;338;0.2;271;0.5;169
113;111824868;"Обогащенная Розовая вода с гелем Алоэ Вера
";1;6;338;0.2;271;0.5;169
114;111825377;"Обогащенная Розовая вода с маслом Арганы
";1;6;338;0.2;271;0.5;169
115;111825672;Обогащенная Розовая вода с комплексом Гиалуроновых кислот;1;6;338;0.2;271;0.5;169
116;111829826;Скраб для губ 3D объем Виноград & Ежевика с маслом кокоса, скрабом косточки винограда + витамины А, Е, F;1;31;297;0.2;237;0.7;89
117;111837866;Скраб для губ 3D объем Апельсин & Корица с маслом миндаля, молотой корицей + витамины А, Е, F;1;31;297;0.2;237;0.7;89
118;111838899;Скраб для губ 3D объем Кофе & Шоколад с маслом какао, молотыми зернами кофе + витамины А, Е, F;1;31;297;0.2;237;0.7;89
119;111840478;Тонизирующая маска для волос с экстрактом чёрного чеснока;2;16;1037;0.2;830;0.4;622
120;111842002;Тушь объемная;2;40;684;0.2;547;0.5;342
121;111848985;Крем для рук и тела с лошадиным жиром;2;14;356;0.2;285;0.5;178
122;111849540;Крем для рук и тела с экстрактом ласточкиного гнезда;2;14;356;0.2;285;0.5;178
123;111849948;Увлажняющий успокаивающий тонер для лица с экстрактом огурца;2;39;525;0.2;420;0.5;262
124;111850447;Тонизирующий кондиционер для волос с экстрактом чёрного чеснока;2;1;935;0.2;748;0.5;467
125;111851209;Увлажняющий шампунь для волос с маслом арганы;2;42;955;0.2;764;0.5;477
126;111851785;Тонизирующий шампунь для волос с экстрактом чёрного чеснока;2;42;955;0.2;764;0.5;477
127;111852443;Увлажняющий лосьон для тела;2;15;718;0.2;575;0.5;359
128;111858436;Средство для удаления пятен с воротничков и манжет 220мл;4;29;486;0.2;389;0.5;243
129;111860352;Концентрированный стиральный порошок для ручной и автоматической стирки 500г;4;35;372;0.2;298;0.5;186
130;111861283;Зубная паста с экстрактом масла чайного дерева 100г;4;9;243;0.2;194;0.7;73
131;111862352;Зубная паста с экстрактом масла чайного дерева 140г;4;9;297;0.2;238;0.7;89
132;111862804;Зубная паста для ухода за дыханием с ароматом жасмина и мяты 120г;4;9;314;0.2;251;0.5;157
133;111864460;Зубная паста для профилактики против образования зубного камня 120г;4;9;314;0.2;251;0.5;157
134;111864862;Зубная паста с зеленой мятой для длительной свежести 120г;4;9;314;0.2;251;0.5;157
135;111865097;Отбеливающая зубная паста 150г;4;9;358;0.2;286;0.5;179
136;112022682;Скраб для губ 3D объем Малина & Клубника с маслом кокоса, скрабом косточки малины+витамины А, Е, F;1;31;297;0.2;237;0.7;89
137;112096999;Гель-фиксатор для бровей Eyebrow Fixator с комплексом Amino Plus, 15 мл;5;5;469;0.2;375;0.5;235
138;112098772;Гель-фиксатор для бровей Professional Eyebrow Fix & Care;5;5;614;0.2;491;0.5;307
139;112330854;Контурная паста для бровей Brow Paste, 15 мл;5;13;525;0.2;420;0.5;263
140;112334684;Сыворотка для роста бровей и ресниц Super growth serum, 8 мл;5;37;485;0.2;388;0.5;242
141;112342596;Масло усьмы, 5 мл;5;17;391;0.2;313;0.5;196
142;112343887;Мицеллярное средство для снятия макияжа Purity Micellar Cleanser с экстрактом лайма, 150 мл;5;18;445;0.2;356;0.5;223
143;112345246;Скраб-скатка для бровей Brow Scrub с экстрактом лаванды, 145 мл;5;31;926;0.2;741;0.5;463
144;112347313;Средство для удаления краски (Ремувер) с экстрактом шелка, бамбука и алое вера COLOR OFF;5;30;473;0.2;378;0.5;236
145;112355729;Фиксатор для бровей BROW SOAP с экстрактом кокоса, 55 г;5;3;670;0.2;536;0.5;335
146;112357444;Шампунь для бровей Brow Shampoo с экстрактом зародышей пшеницы, 150 мл;5;42;547;0.2;438;0.5;274
147;112364039;Набор для долговременной укладки бровей Classic Permanent, 30+30 мл;5;12;2565;0.2;2052;0.35;1667
148;112370894;Средство по уходу за бровями Комплексный уход за поврежденными бровями IQ Treatment pBotox, 20мл (индивид.);5;37;1060;0.2;848;0.4;636
149;112385432;Контурная паста-корректор для бровей Brow Paste с хлорофиллом, 15 мл;5;13;670;0.2;536;0.5;335
150;115728003;Тонер для лица антивозрастной с экстрактом граната 380мл;2;39;619;0.2;495;0.5;310
151;115728733;Мист с экстрактом зеленого чая 100мл;2;6;613;0.2;491;0.5;307
152;115729906;Масло гидрофильное для чувствительной кожи 200мл;2;17;1091;0.2;873;0.4;655
153;115730443;Пилинг-скатка с экстрактом зеленого чая 170г;2;28;774;0.2;619;0.5;387
154;115730951;Мист для лица увлажняющий 100 мл;2;6;613;0.2;491;0.5;307
155;115732409;Гидрофильное масло для лица с успокаивающим эффектом 200мл;2;17;1070;0.2;856;0.4;642
156;115752918;Мыло с аргановым маслом 100г;2;21;280;0.2;224;0.7;84
157;115755485;Мыло с экстрактом черного чеснока 100г;2;21;280;0.2;224;0.7;84
158;115763837;Мыло с улиточным муцином 100г;2;21;280;0.2;224;0.7;84
159;115768684;Шампунь для волос с зеленым чаем и хной 1000 мл;2;42;1030;0.2;824;0.4;618
160;115901421;Антивозрастной крем для лица с гиалуроновой кислотой;6;14;851;0.2;681;0.5;425
161;115903416;Увлажняющий гель с муцином улитки;6;4;406;0.2;324;0.5;203
162;115904509;Восстанавливающий тонер для лица с муцином улитки;6;39;883;0.2;707;0.5;442
163;115905170;Очищающий крем для лица с экстрактом алоэ ;6;14;731;0.2;585;0.5;366
164;115906899;Успокаивающий гель с экстрактом алоэ 300 мл;6;4;406;0.2;324;0.5;203
165;115908030;Успокаивающий гель с экстрактом алоэ 500мл;6;4;705;0.2;564;0.5;352
166;115909303;Лосьон для тела с экстрактом вишни;6;15;692;0.2;554;0.5;346
167;115909970;Лосьон для тела с экстрактом винограда;6;15;692;0.2;554;0.5;346
168;115910451;Лосьон для тела с экстрактом оливы;6;15;692;0.2;554;0.5;346
169;115911159;Лосьон для тела с экстрактом персика;6;15;692;0.2;554;0.5;346
170;115918879;Гель для душа с экстрактом вишни;6;4;722;0.2;577;0.5;361
171;115920248;Гель для душа с экстрактом винограда;6;4;722;0.2;577;0.5;361
172;115924850;Гель для душа с экстрактом персика;6;4;722;0.2;577;0.5;361
173;115925228;Увлажняющий крем для рук с экстрактом акации;6;14;202;0.2;162;0.7;61
174;115925490;Увлажняющий крем для рук с коллагеном;6;14;202;0.2;162;0.7;61
175;115926099;Увлажняющий крем для рук с экстрактом оливы;6;14;202;0.2;162;0.7;61
176;115927036;Увлажняющий крем для рук с муцином улитки ;6;14;202;0.2;162;0.7;61
177;115928662;Антивозрастная эмульсия для лица с коллагеном;6;43;883;0.2;707;0.5;442
178;115929397;Увлажняющая пенка для умывания с экстрактом алоэ;6;27;440;0.2;352;0.5;220
179;115930365;Увлажняющая пенка для умывания с экстрактом коричневого риса;6;27;440;0.2;352;0.5;220
180;115931937;Увлажняющая пенка для умывания с древесным углем;6;27;440;0.2;352;0.5;220
181;115932553;Увлажняющая пенка для умывания с экстрактом огурца;6;27;440;0.2;352;0.5;220
182;115932856;Увлажняющая пенка для умывания с экстрактом зеленого чая;6;27;440;0.2;352;0.5;220
183;115933352;Увлажняющая пенка для умывания с красным женьшенем;6;27;440;0.2;352;0.5;220
184;115933988;Успокаивающая эмульсия для лица с экстрактом зеленого чая;6;43;883;0.2;707;0.5;442
185;115934957;Очищающий крем для лица с экстрактом зеленого чая;6;14;731;0.2;585;0.5;366
186;115935614;Массажный крем для лица с экстрактом огурца;6;14;729;0.2;584;0.5;365
187;116115459;Гель для душа с экстрактом яблока;6;4;722;0.2;577;0.5;361
188;116356310;Тонизирующий шампунь для волос с экстрактом чёрного чеснока;2;42;430;0.2;344;0.5;215
189;116365378;Крем для рук с ароматом зелёного чая;2;14;227;0.2;181;0.7;68
190;116366229;Питательный крем для лица и тела с экстрактом жемчуга;2;14;491;0.2;393;0.5;246
191;116366814;Интенсивный успокаивающий крем для кожи вокруг глаз;2;14;605;0.2;484;0.5;303
192;116366965;Туалетное мыло с экстрактом ромашки;4;21;228;0.2;182;0.7;68
193;116367065;Туалетное мыло с экстрактом японского кипариса;4;21;228;0.2;182;0.7;68
194;116367987;Туалетное мыло с экстрактом лаванды;4;21;228;0.2;182;0.7;68
195;116368113;"Средство для мытья посуды, овощей и фруктов ""5 злаков"" 480мл";4;33;390;0.2;312;0.5;195
196;116368297;"Средство для мытья посуды, овощей и фруктов ""Горные травы"" 480мл";4;33;390;0.2;312;0.5;195
197;116368436;Восстанавливающий шампунь для тонких волос с цветочным ароматом;4;42;745;0.2;596;0.5;372
198;116368610;Кондиционер для волос с цветочным ароматом;4;11;745;0.2;596;0.5;372
199;116368695;Шампунь для волос с цветочным ароматом;4;42;745;0.2;596;0.5;372
200;116368799;Детская зубная паста со вкусом винограда 90г;4;9;241;0.2;193;0.7;72
201;116368887;Детская зубная паста со вкусом клубники 90г;4;9;241;0.2;193;0.7;72
202;116422791;Мыло туалетное с экстрактом лотоса 100г;4;21;229;0.2;183;0.7;69
203;116423934;Мыло туалетное с экстрактом рисовых отрубей 100г;4;21;229;0.2;183;0.7;69
204;116424672;Мыло туалетное с экстрактом граната и пиона 100г;4;21;229;0.2;183;0.7;69
205;116426739;Мыло-скраб для тела с древесным углем;4;21;221;0.2;177;0.7;66
206;116427222;"Мыло-скраб для тела ""Пять злаков""";4;21;221;0.2;177;0.7;66
207;116427780;Зубная паста для чувствительных десен 110г;4;9;417;0.2;334;0.5;209
208;116427875;Зубная паста для ежедневного ухода за полостью рта со вкусом ледяной мяты 120г;4;9;315;0.2;252;0.5;158
209;116428204;Ночная зубная паста 120г;4;9;315;0.2;252;0.5;158
210;116431420;"Бальзам с маслом Арганы для ресниц и бровей
LONG LASH ""Активный Рост & Укрепление - 3D объем""";1;1;463;0.2;371;0.5;232
211;116438497;Маска-ЭКСФОЛИАНТ с АНА кислотами Anti-Age С пудрой виноградной косточки;1;16;447;0.2;357;0.5;223
212;116447334;Cremissimo Крем натуральный для лица Ночной Питательный Anti-age;1;14;985;0.2;788;0.5;493
213;116447565;Маска-ЭКСФОЛИАНТ с АНА кислотами Увлажнение С пудрой лепестков розы;1;16;447;0.2;357;0.5;223
214;116447624;Маска-ЭКСФОЛИАНТ с АНА кислотами Лифтинг С морскими водорослями;1;16;447;0.2;357;0.5;223
215;116447719;Маска-ЭКСФОЛИАНТ с АНА кислотами Детокс С активированным углём;1;16;447;0.2;357;0.5;223
216;116609389;Cremissimo Крем натуральный для лица Ночной Питательный для Нормальной и Комбинированной кожи;1;14;985;0.2;788;0.5;493
217;116609834;Cremissimo Крем натуральный для лица Ночной Питательный для Сухой кожи;1;14;985;0.2;788;0.5;493
218;116610039;Cremissimo Крем натуральный для лица Ночной Питательный для Чувствительной кожи;1;14;985;0.2;788;0.5;493
219;116662219;Cremissimo Натуральный крем для рук Омолаживающий;1;14;314;0.2;251;0.5;157
220;116662425;Cremissimo Натуральный крем для рук Питательный;1;14;314;0.2;251;0.5;157
221;116663173;SPA Crimean Collection Мягкое травяное мыло-Бельди Розовое;1;21;463;0.2;371;0.5;232
222;116663693;Cremissimo Натуральный крем для рук Увлажняющий;1;14;314;0.2;251;0.5;157
223;116666855;SPA Crimean Collection Мягкое травяное мыло-Бельди Крымские Травы;1;21;463;0.2;371;0.5;232
224;116667946;SPA Crimean Collection Мягкое травяное мыло-Бельди Горная Лаванда;1;21;463;0.2;371;0.5;232
225;116668740;SPA Crimean Collection Мягкое травяное мыло-Бельди Винное;1;21;463;0.2;371;0.5;232
226;116670471;SPA Crimean Collection Мягкое травяное мыло-Бельди с Грязью Сакского Озера;1;21;463;0.2;371;0.5;232
227;116671670;SPA Cremian Collection Мягкое травяное мыло-Бельди Горный бессмертник;1;21;463;0.2;371;0.5;232
228;116686954;Пена для ванн с морской РОЗОВОЙ солью Бухта Ласпи с ароматом хвоя;1;26;528;0.2;422;0.5;264
229;116687307;SPA Crimean Collection Мягкое травяное мыло-Бельди Морской коктейль;1;21;463;0.2;371;0.5;232
230;116688692;Пена для ванн с морской РОЗОВОЙ солью Тихая бухта (с ароматом розы);1;26;528;0.2;422;0.5;264
231;116689284;Пена для ванн с морской РОЗОВОЙ солью Голубая бухта (с ароматом лаванды );1;26;528;0.2;422;0.5;264
232;116699143;Пена для ванн с морской РОЗОВОЙ солью Царская бухта (с ароматом крымских трав);1;26;528;0.2;422;0.5;264
233;116700504;Пена для ванн с морской РОЗОВОЙ солью Бухта Коктебель с крымским вином;1;26;528;0.2;422;0.5;264
234;116702423;"Пенный скраб-мусс с морской солью для лица Фруктовый Микс Отшелушивающий
с фруктовыми кислотами";1;31;663;0.2;531;0.5;332
235;116703831;Пенный скраб-мусс с морской солью Чайная роза Увлажняющий слепесткам розы и ЭМ розы;1;31;663;0.2;531;0.5;332
236;116704119;Пенный скраб-мусс с морской солью Лавандовый Восстанавливающий с маслом лаванды и маслом Ши;1;31;663;0.2;531;0.5;332
237;116804197;Пенный скраб-мусс с морской солью Голубая глина Лифтинг и Питание с голубой глиной, маслом Ши и маслом жожоба;1;31;663;0.2;531;0.5;332
238;116805626;Пенный скраб-мусс с морской солью Кофе & Шоколад Подтягивающий с экстрактом зеленого кофе и какао;1;31;663;0.2;531;0.5;332
239;116806479;"Пенный скраб-мусс с морской солью Цитрусовый Антицеллюлитный с
цедрой апельсина и ЭМ апельсина";1;31;663;0.2;531;0.5;332
240;116807413;Пенный скраб-мусс с морской солью Мягкие пяточки Смягчающий с фруктовыми кислотами, ЭМ лаванды, розмарина, мяты);1;31;663;0.2;531;0.5;332
241;116807905;Душистая Вода с натуральными эфирными маслами Розовая;1;2;246;0.2;197;0.7;74
242;116808821;Душистая Вода с натуральными эфирными маслами Лавандовая;1;2;229;0.2;183;0.7;69
243;116811631;Душистая Вода с натуральными эфирными маслами Розмариновая;1;2;229;0.2;183;0.7;69
244;116812002;Душистая Вода с натуральными эфирными маслами Мятная;1;2;229;0.2;183;0.7;69
245;116817408;Натуральный гель для интимной гигиены Нежный 12+;1;4;486;0.2;389;0.5;243
246;116817772;Натуральный гель для интимной гигиены Деликатный 20+;1;4;486;0.2;389;0.5;243
247;116818151;"Бальзам-СЫВОРОТКА для ресниц и бровей
с гиалуроновой кислотой LONG LASH 
""Живительная Сила & Блеск - SOS восстановление""";1;1;463;0.2;371;0.5;232
248;118232605;Душистая Вода с натуральными эфирными маслами Ромашковая;1;2;229;0.2;183;0.7;69
249;120395332;Увлажняющий восстанавливающий тонер для лица с муцином улитки;2;39;524;0.2;419;0.5;262
250;120395939;Увлажняющий успокаивающий тонер для лица с экстрактом алоэ;2;39;524;0.2;419;0.5;262
251;120396786;Тушь для ресниц подкручивающая;2;40;436;0.2;349;0.5;218
252;120463191;Отбеливающий крем для лица от морщин с гранатом;2;14;743;0.2;595;0.5;372
253;120463705;Отбеливающий крем для лица от морщин с муцином улитки;2;14;834;0.2;667;0.5;417
254;120465360;Жидкое пенное (кухонное) мыло для рук с ароматом мяты 200мл;4;8;286;0.2;229;0.7;86
255;120466060;Жидкое пенное (кухонное) мыло для рук с ароматом мяты 250мл;4;8;594;0.2;475;0.5;297
256;120467283;Жидкое пенное мыло для рук с ароматом фиалки 200мл;4;8;286;0.2;229;0.7;86
257;120475500;Жидкое пенное мыло для рук с ароматом фиалки 250мл;4;8;594;0.2;475;0.5;297
258;120494276;Жидкое пенное мыло для рук (медовые цветы) 200мл;4;8;286;0.2;229;0.7;86
259;120511614;"Жидкое пенное мыло для рук ""Медовые цветы"" 250мл";4;8;594;0.2;475;0.5;297
260;120512525;"Жидкое пенное мыло для рук ""Цветочный букет"" 200мл";4;8;286;0.2;229;0.7;86
261;120521073;"Жидкое пенное мыло для рук ""Цветочный букет"" 250мл";4;8;594;0.2;475;0.5;297
262;120521372;Жидкое пенное мыло для рук с экстрактом лимона 200мл;4;8;289;0.2;231;0.7;87
263;120554026;Жидкое пенное мыло для рук с экстрактом лимона 250мл;4;8;578;0.2;463;0.5;289
264;120561996;"Пенное мыло для рук с ""Мускатный орех"" 200мл";4;8;289;0.2;231;0.7;87
265;120562334;"Жидкое пенное мыло для рук ""Мускатный орех"" 250мл";4;8;578;0.2;463;0.5;289
266;120562936;"Жидкое пенное мыло для рук ""Персик"" 200мл";4;8;282;0.2;225;0.7;85
267;120563466;"Жидкое пенное мыло для рук ""Персик"" 250мл";4;8;578;0.2;463;0.5;289
268;120564737;Жидкое пенное мыло для рук для чувствительной кожи 200мл;4;8;289;0.2;231;0.7;87
269;120565299;Жидкое пенное мыло для рук для чувствительной кожи 250мл;4;8;578;0.2;463;0.5;289
270;120565759;Детское мыло с ароматом акации 190г;4;22;229;0.2;183;0.7;69
271;120573807;Концентрированный стиральный порошок для ручной и автоматической стирки (для белого) 1кг ;4;35;651;0.2;521;0.5;326
272;120592133;Концентрированный стиральный порошок для ручной и автоматической стирки для белого 3кг;4;35;1284;0.2;1028;0.4;771
273;120592604;Кислородный отбеливатель;4;25;1105;0.2;884;0.4;663
274;120592958;Антивозрастной функциональный крем для лица с коллагеном;6;14;849;0.2;679;0.5;424
275;120610299;Увлажняющий тонер для лица с экстрактом алоэ вера;7;39;729;0.2;583;0.5;365
276;120618330;Маска для лица с древесным углем;7;16;1063;0.2;851;0.4;638
277;120619307;Матирующий ББ крем;7;38;884;0.2;707;0.5;442
278;120627911;Тонер для лица с гиалуроновой кислотой;7;39;1188;0.2;950;0.4;713
279;120628034;Гидрофильное масло с экстрактом лимона;7;17;1162;0.2;930;0.4;697
280;120628101;Тонер молочный осветляющий;7;39;715;0.2;572;0.5;357
281;120628398;Восстанавливающая ночная ампульная сыворотка с фитостволовыми клетками;7;37;1359;0.2;1087;0.4;815
282;120636737;Увлажняющий тонер для лица с экстрактом дамасской розы;7;39;729;0.2;583;0.5;365
283;120644754;Восстанавливающая пенка для умывания с муцином улитки;7;27;826;0.2;660;0.5;413
284;120644903;Восстанавливающий тонер для лица с муцином улитки;7;39;997;0.2;797;0.5;498
285;120682513;Успокаивающий тонер для лица с экстрактом чайного дерева;7;39;729;0.2;583;0.5;365
286;120682798;Тонер для лица с экстрактом гамамелиса;7;39;729;0.2;583;0.5;365
287;120682980;Тонер для лица с древесным углем;7;39;729;0.2;583;0.5;365
288;120683741;Крем для кожи вокруг глаз антивозрастной;7;14;1206;0.2;965;0.4;723
289;120685077;Бальзам для волос с зеленым чаем и хной 1000мл;2;1;1022;0.2;817;0.4;613
290;120686589;Шампунь для волос с зеленым чаем и хной 200мл;2;42;454;0.2;363;0.5;227
291;120687702;Шампунь для волос с аргановым маслом 200мл;2;42;454;0.2;363;0.5;227
292;120688619;Крем для лица и тела питательный с коэнзим 100г;2;14;515;0.2;412;0.5;258
293;120690157;Сыворотка с зеленым чаем и частичкам золота 50мл;2;37;690;0.2;552;0.5;345
294;120691040;Пенка для умывания с золотом и травами 170г;2;27;757;0.2;606;0.5;379
295;120691396;Гель-скатка антивозрастной с женьшенем 170г;2;28;909;0.2;727;0.5;454
296;120692976;Паста зубная гелевая для детей с 6 месяцев с ароматом мультифрукта Kodomo 40г;4;9;236;0.2;189;0.7;71
297;120693870;Паста зубная с коэнзимом Q10 90г;4;9;405;0.2;324;0.5;203
298;120694794;Паста зубная для комплексной защиты 90г;4;9;318;0.2;254;0.5;159
299;120695078;Средство для мытья посуды Lipon 500мл;4;33;388;0.2;310;0.5;194
300;120695794;Паста зубная для детей с 6 месяцев с ароматом клубники Kodomo 65г;4;9;327;0.2;262;0.5;164
301;120695989;Паста зубная для детей с 6 месяцев с ароматом апельсина Kodomo 65г;4;9;327;0.2;262;0.5;164
302;120696336;Паста зубная гелевая для детей с 6 месяцев с ароматом апельсина Kodomo 40г;4;9;237;0.2;190;0.7;71
303;120696511;"Средство для мытья посуды ""бергамот и лайм"" Lipon 500мл";4;33;389;0.2;312;0.5;195
304;120697881;Молочко-оксидант с комплексом Amino Plus;5;23;623;0.2;498;0.5;311
305;120697987;Защитный крем для бровей и ресниц Special Protection cream ;5;14;487;0.2;389;0.5;243
306;120698332;Набор для долговременной укладки бровей Light Permanent, 30+30мл;5;34;2300;0.2;1840;0.35;1495
307;120701622;Маска для бровей и кожи SOS Mask with Panthenol;5;16;636;0.2;509;0.5;318
308;120701876;Долговременная укладка бровей Long-term styling of eyebrows Classic (3 steps);5;34;3000;0.2;2400;0.35;1950
309;120702076;Кондиционер для белья с ароматом розы 2,1кг ;4;10;765;0.2;612;0.5;382
310;120702212;Кондиционер для белья с ароматом фиалки 2,1кг;4;10;772;0.2;618;0.5;386
311;102840466;"LION Средство для мытья посуды ""Зеленый чай"" 1 кг";4;33;624;0.2;499;0.5;312
312;102821433;"LION Средство для мытья посуды ""Японский абрикос"" сменный блок 1 кг";4;33;485;0.2;388;0.5;243
313;102849547;"LION Средство для мытья посуды ""Зеленый чай"" 300г";4;33;317;0.2;254;0.5;159
314;102849543;"LION Средство для мытья посуды ""Японский абрикос"" 300г";4;33;280;0.2;224;0.7;84
315;103556802;"LION Средство для мытья посуды ""Зеленый чай"" сменный блок 310 г";4;33;283;0.2;227;0.7;85
316;103440859;"LION CHARMGREEN Средство для мытья посуды ""Японский абрикос"" 500г";4;33;335;0.2;268;0.5;168
317;103440855;"LION CHARMGREEN Средство для мытья посуды ""Зеленый чай"" 500г";4;33;362;0.2;290;0.5;181
318;103563622;"LION CHARMGREEN Средство для мытья посуды ""Зеленый чай"" 800г сменный блок";4;33;432;0.2;346;0.5;216
319;102827536;"LION CHARMGREEN Средство для мытья посуды ""Гранат"" 900г сменный блок";4;33;577;0.2;462;0.5;288
320;103571886;"LION CHARMGREEN Средство для мытья посуды ""5 злаков"" 300мл сменный блок";4;33;271;0.2;216;0.7;81
321;103571887;"LION CHARMGREEN Средство для мытья посуды ""Горные травы"" 300мл сменный блок";4;33;271;0.2;216;0.7;81
322;103610928;DEOPROCE Дневной крем для лица с экстрактом Алоэ Вера;2;14;871;0.2;697;0.5;436
323;103614303;DEOPROCE Крем против морщин для кожи вокруг глаз с экстрактом граната;2;14;648;0.2;519;0.5;324
324;103618201;DEOPROCE Увлажняющий шампунь для волос с аргановым маслом;2;42;1558;0.2;1246;0.4;935
325;103620180;DEOPROCE Гель-скатка для лица с коллагеном;2;4;722;0.2;577;0.5;361
326;103625123;DEOPROCE Маска против выпадения волос;2;16;1146;0.2;917;0.4;687
327;103626917;DEOPROCE Успокаивающий лосьон для тела с экстрактми хлопка и розы;2;15;709;0.2;567;0.5;355
328;103628346;DEOPROCE Пенка для глубокого очищения кожи с рисовой пудрой;2;27;517;0.2;414;0.5;259
329;103632471;DEOPROCE Питательный крем для лица с коллагеном;2;14;492;0.2;394;0.5;246
330;103632470;DEOPROCE Питательный крем для лица и тела с маслом оливы;2;14;459;0.2;368;0.5;230
331;103632472;DEOPROCE Питательный крем для лица и тела с экстрактом граната;2;14;492;0.2;394;0.5;246
332;103635386;DEOPROCE Восстанавливающая сыворотка для лица с муцином улитки;2;37;995;0.2;796;0.5;497
333;103636862;Lion Ополаскиватель для полости рта «Зеленый лес» 250мл;4;24;496;0.2;397;0.5;248
334;103639808;Lion Ополаскиватель для полости рта для детей с ароматом клубники Kodomo 250мл;4;24;552;0.2;442;0.5;276
335;103639809;Lion Ополаскиватель для полости рта для детей с ароматом апельсина Kodomo 250мл;4;24;552;0.2;442;0.5;276
336;103444061;Lion Пенка-детокс для умывания с сакурой  Shokubutsu 100г;4;27;476;0.2;381;0.5;238
337;103444065;Lion Пенка-детокс для умывания с бамбуком Shokubutsu 100г;4;27;476;0.2;381;0.5;238
338;103444062;Lion Пенка-детокс для умывания с углем Shokubutsu 100г;4;27;476;0.2;381;0.5;238
339;102837463;Lion Средство для удаления пятен Essence 220мл;4;29;391;0.2;313;0.5;196
340;103758947;Сумка мужская чёрная через плечо кожаная;3;36;1263;0.2;1010;0.4;758
341;103770919;Сумка мужская нагрудная из эко-кожи;3;36;1380;0.2;1104;0.4;828
342;103760499;Сумка мужская мини из натуральной кожи;3;36;1263;0.2;1010;0.4;758
343;103783252;Мужская сумка-планшет из эко-кожи;3;36;1673;0.2;1338;0.4;1004
344;103783256;Мужская сумка-планшет из эко-кожи;3;36;1673;0.2;1338;0.4;1004
345;103783253;Мужская сумка-планшет из эко-кожи;3;36;1673;0.2;1338;0.4;1004
